﻿<?xml version="1.0" encoding="utf-8"?>
<resources>
  <declare-styleable name="AvatarImageBehavior">
    <attr name="finalYPosition" format="dimension"/>
    <attr name="startXPosition" format="dimension"/>
    <attr name="startToolbarPosition" format="dimension"/>
    <attr name="startHeight" format="dimension"/>
    <attr name="finalHeight" format="dimension"/>
  </declare-styleable>

  <declare-styleable name="DiagonalLayout">
    <!--<attr name="diagonal_angle" format="integer" />
    <attr name="diagonal_handleMargins" format="boolean"/>-->
    <attr name="diagonal_position" format="enum">
      <enum name="left" value="1" />
      <enum name="right" value="2" />
      <enum name="bottom" value="4" />
      <enum name="top" value="8"/>
    </attr>

    <attr name="diagonal_direction" format="enum">
      <enum name="left" value="1" />
      <enum name="right" value="2" />
    </attr>
  </declare-styleable>
  
  <declare-styleable name="TouchImageView">
    <attr name="zoom_enabled" format="boolean" />
  </declare-styleable>

  <!--Range seeker-->
  <declare-styleable name="RangeSliderControl">
    <!-- the minimum of the range -->
    <attr name="absoluteMinValue" format="integer|float" />
    <!-- the maximum of the range -->
    <attr name="absoluteMaxValue" format="integer|float" />
    <!-- show a single min slider -->
    <attr name="minThumbHidden" format="boolean" />
    <!-- show a single max slider -->
    <attr name="maxThumbHidden" format="boolean" />
    <!-- show the labels on the right and left-->
    <attr name="showRangeLabels" format="boolean" />
    <!-- alwaysActive will make the buttons and bar always draw as the activeColor (the default is false) -->
    <attr name="alwaysActive" format="boolean" />
    <!-- show the currently selected value above each thumb (defaults to true) -->
    <attr name="valuesAboveThumbs" format="boolean" />
    <!-- padding on either side on the slider -->
    <attr name="internalPadding" format="dimension" />
    <!-- the height of the bar -->
    <attr name="barHeight" format="dimension" />
    <!-- the color of the bar that is not selected -->
    <attr name="defaultColor" format="color" />
    <!-- the color of the bar that is selected -->
    <attr name="activeColor" format="color" />
    <!-- the color of the text above thumbs -->
    <attr name="textAboveThumbsColor" format="color" />
    <!-- set drawables for thumb handles -->
    <attr name="thumbNormal" format="reference" />
    <attr name="thumbPressed" format="reference" />
    <attr name="thumbDisabled" format="reference" />
    <!-- thumb shadow specifications -->
    <attr name="thumbShadow" format="boolean" />
    <attr name="thumbShadowColor" format="color" />
    <attr name="thumbShadowXOffset" format="dimension" />
    <attr name="thumbShadowYOffset" format="dimension" />
    <attr name="thumbShadowBlur" format="dimension" />
    <!-- to activate the thumbs and texts when the min and max values are the default ones (defaults to false) -->
    <attr name="activateOnDefaultValues" format="boolean" />
    <attr name="stepValue" format="integer|float" />
    <attr name="stepValueContinuously" format="boolean" />
    <!-- font size for text above thumbs -->
    <attr name="textSize" format="integer|float" />
    <attr name="materialUI" format="boolean" />
  </declare-styleable>

  <declare-styleable name="TemplateView">
    <attr name="gnt_template_type" format="reference"/>
  </declare-styleable>


</resources>