﻿<?xml version="1.0" encoding="utf-8"?>
<PreferenceScreen xmlns:android="http://schemas.android.com/apk/res/android">

  <!--SUPPORT SECTION-->
  <PreferenceCategory android:layout="@xml/divider"></PreferenceCategory>
  <PreferenceCategory android:key="SectionSupport_key" android:title="@string/Lbl_Support">

    <Preference
      android:key="help_key"
      android:title="@string/Lbl_Help" />

    <Preference
      android:key="Report_key"
      android:title="@string/Lbl_Report_Problem" />

  </PreferenceCategory>

  <!--About SECTION-->
  <PreferenceCategory android:key="SectionAbout_key" android:title="@string/Lbl_Legal_and_Policies" android:layout="@xml/divider"></PreferenceCategory>
  <PreferenceCategory android:key="SectionSupport_key" android:title="@string/Lbl_About">
    
    <Preference
      android:key="About_key"
      android:title="@string/Lbl_About_App" />

    <Preference
      android:key="PrivacyPolicy_key"
      android:title="@string/Lbl_PrivacyPolicy" />

    <Preference
      android:key="TermsOfUse_key"
      android:title="@string/Lbl_TermsOfUse" />

  </PreferenceCategory>
  
</PreferenceScreen>
