{
  "project_info": {
    "project_number": "430795656343",
    "firebase_url": "https://wowonder-timeline.firebaseio.com",
    "project_id": "wowonder-timeline",
    "storage_bucket": "wowonder-timeline.appspot.com"
  },
  "client": [
    {
      "client_info": {
        "mobilesdk_app_id": "1:430795656343:android:f5e52086f4ef246b",
        "android_client_info": {
          "package_name": "com.wowonder.Timeline"
        }
      },
      "oauth_client": [
        {
          "client_id": "430795656343-4vbnu62jjv7olvmk4jrptv0q0it7ee6m.apps.googleusercontent.com",
          "client_type": 1,
          "android_info": {
            "package_name": "com.wowonder.Timeline",
            "certificate_hash": "6775bca90428b86dbc119f508a61e5de039047c7"
          }
        }
      ],
      "api_key": [
        {
          "current_key": "AIzaSyDoPRUquA6Ysw9Oxsm_4wIo19mGJrycUfc"
        }
      ],
      "services": {
        "appinvite_service": {
          "other_platform_oauth_client": [
            {
              "client_id": "430795656343-679a7fus3pfr1ani0nr0gosotgcvq2s8.apps.googleusercontent.com",
              "client_type": 3
            }
          ]
        }
      },
      "admob_app_id": "ca-app-pub-5135691635931982~1668785995"
    }
  ],
  "configuration_version": "1"
}