{
  "project_info": {
    "project_number": "72883005785",
    "firebase_url": "https://wowonder-messenger-d7080.firebaseio.com",
    "project_id": "wowonder-messenger-d7080",
    "storage_bucket": "wowonder-messenger-d7080.appspot.com"
  },
  "client": [
    {
      "client_info": {
        "mobilesdk_app_id": "1:72883005785:android:66b00ecf808c6bddd18448",
        "android_client_info": {
          "package_name": "com.wowonderandroid.messenger"
        }
      },
      "oauth_client": [
        {
          "client_id": "72883005785-2hcfr5u9jh8c0qvgmheq2lv942e6grch.apps.googleusercontent.com",
          "client_type": 1,
          "android_info": {
            "package_name": "com.wowonderandroid.messenger",
            "certificate_hash": "1a32cc3858803bc75ae2ff9b15d28df60112475a"
          }
        },
        {
          "client_id": "72883005785-rmhup20l4jckpor962jegg4e4t4s0ehg.apps.googleusercontent.com",
          "client_type": 3
        }
      ],
      "api_key": [
        {
          "current_key": "AIzaSyBeV3NuwTLjgiLq6TYv8p29U-62-U6TAao"
        }
      ],
      "services": {
        "appinvite_service": {
          "other_platform_oauth_client": [
            {
              "client_id": "72883005785-rmhup20l4jckpor962jegg4e4t4s0ehg.apps.googleusercontent.com",
              "client_type": 3
            }
          ]
        }
      },
      "admob_app_id": "ca-app-pub-5135691635931982~4077881706"
    }
  ],
  "configuration_version": "1"
}