﻿<?xml version="1.0" encoding="utf-8"?>
<PreferenceScreen xmlns:android="http://schemas.android.com/apk/res/android">
  <PreferenceCategory android:layout="@xml/divider"></PreferenceCategory>
  <!--PROFILE SECTION-->
  <PreferenceCategory android:title="@string/Lbl_Account_and_Profile"  >
    <Preference
      android:key="editprofile_key"
      android:title="@string/Lbl_Edit_Profile_and_avatar"
      >
    </Preference>

    <EditTextPreference
      android:key="about_me_key"
      android:title="@string/Lbl_About"
      android:summary="Hi there i am using WoWonder!! "
     />

    <Preference
      android:key="editAccount_key"
      android:title="@string/Lbl_My_Account"
     >
    </Preference>

    <Preference
      android:key="editpassword_key"
      android:title="@string/Lbl_Password"
      android:summary="@string/Lbl_Change_your_password">
    </Preference>

    <Preference
      android:key="blocked_key"
      android:title="@string/Lbl_BlockedUsers"
      >
    </Preference>

    <SwitchPreference
      android:title="@string/Lbl_Night_Mode"
      android:key="Night_Mode_key" 
      android:defaultValue="false" />
 
  </PreferenceCategory>

  <!--ACCOUNT SECTION-->
  <PreferenceCategory android:layout="@xml/divider"></PreferenceCategory>
  <PreferenceCategory android:title="@string/Lbl_Privacy" >


    <ListPreference
      android:key="whocanfollow_key"
      android:title="@string/Lbl_Who_can_follow_me"
      android:defaultValue="Everyone"
      android:entries="@array/settings_follow_array"
      android:entryValues="@array/value_settings_follow_array"
      
    />

    <ListPreference
      android:key="whocanMessage_key"
      android:title="@string/Lbl_Who_can_message_me"
      android:defaultValue="Everyone"
      android:entries="@array/settings_message_array"
      android:entryValues="@array/value_settings_message_array"
      
    />

    <ListPreference
      android:key="whocanseemybirthday_key"
      android:title="@string/Lbl_Who_can_see_my_birthday"
      android:defaultValue="Following"
      android:entries="@array/settings_birthday_array"
      android:entryValues="@array/value_settings_birthday_array"
      
    />

  </PreferenceCategory>

  <!--Notification SECTION-->
  <PreferenceCategory android:layout="@xml/divider"></PreferenceCategory>
  <PreferenceCategory android:title="@string/Lbl_Message_Notifications"  >
    <SwitchPreference
      android:title="@string/Lbl_Notification_Popup"
      android:summary="@string/Lbl_Summary_notifications"
      android:key="notifications_key"
      android:defaultValue="true" />

    <SwitchPreference
      android:title="@string/Lbl_ShowOnlineUsers"
      android:summary="@string/Lbl_Summary_Onlineusers"
      android:key="onlineuser_key"
      android:defaultValue="true" />

    <CheckBoxPreference
      android:key="checkBox_PlaySound_key"
      android:title="@string/Lbl_Conversation_tones"
      android:summary="@string/Lbl_Summary_Play_sounds"
      android:defaultValue="true" />
  </PreferenceCategory>


  <!--GENERAL SECTION-->
  <PreferenceCategory android:layout="@xml/divider"></PreferenceCategory>
  <PreferenceCategory  android:key="category_General" android:title="@string/Lbl_General" >
    <!--<ListPreference
      android:key="Lang_key"
      android:title="@string/Lbl_Language"
      android:defaultValue="English"
      android:entries="@array/Lang_array"
      android:entryValues="@array/Langunicode_array"
      android:summary="@string/Lbl_Display_your_app_Language"
      android:icon="@drawable/ic_translation_settings"
      android:dialogIcon="@drawable/ic_translation_settings"
    />-->

    <Preference
      android:key="invite_key"
      android:title="@string/Lbl_Invite_Friends"
    />

    <Preference
      android:id="@+id/Call_Pref"
      android:key="Call_key"
      android:title="@string/Lbl_Clear_call_log"
    />

  </PreferenceCategory>

  <!--SUPPORT SECTION-->
  <PreferenceCategory android:layout="@xml/divider"></PreferenceCategory>
  <PreferenceCategory android:title="@string/Lbl_Support">

    <Preference
      android:key="help_key"
      android:title="@string/Lbl_Help"
      />
    <Preference
      android:key="Report_key"
      android:title="@string/Lbl_Report_Problem"
    />

    <Preference android:key="deleteaccount_key" android:title="@string/Lbl_DeleteAccount" />

    <Preference android:key="logout_key" android:title="@string/Lbl_Logout" />

  </PreferenceCategory>

</PreferenceScreen>
